[
  {
    "isoCode": "AF",
    "name": "Afghanistan"
  },
  {
    "isoCode": "AL",
    "name": "Albania"
  },
  {
    "isoCode": "DZ",
    "name": "Algeria"
  },
  {
    "isoCode": "AS",
    "name": "American Samoa"
  },
  {
    "isoCode": "AD",
    "name": "Andorra"
  },
  {
    "isoCode": "AO",
    "name": "Angola"
  },
  {
    "isoCode": "AI",
    "name": "Anguilla"
  },
  {
    "isoCode": "AQ",
    "name": "Antarctica"
  },
  {
    "isoCode": "AG",
    "name": "Antigua and Barbuda"
  },
  {
    "isoCode": "AR",
    "name": "Argentina"
  },
  {
    "isoCode": "AM",
    "name": "Armenia"
  },
  {
    "isoCode": "AW",
    "name": "Aruba"
  },
  {
    "isoCode": "AU",
    "name": "Australia"
  },
  {
    "isoCode": "AT",
    "name": "Austria"
  },
  {
    "isoCode": "AZ",
    "name": "Azerbaijan"
  },
  {
    "isoCode": "BS",
    "name": "Bahamas"
  },
  {
    "isoCode": "BH",
    "name": "Bahrain"
  },
  {
    "isoCode": "BD",
    "name": "Bangladesh"
  },
  {
    "isoCode": "BB",
    "name": "Barbados"
  },
  {
    "isoCode": "BY",
    "name": "Belarus"
  },
  {
    "isoCode": "BE",
    "name": "Belgium"
  },
  {
    "isoCode": "BZ",
    "name": "Belize"
  },
  {
    "isoCode": "BJ",
    "name": "Benin"
  },
  {
    "isoCode": "BM",
    "name": "Bermuda"
  },
  {
    "isoCode": "BT",
    "name": "Bhutan"
  },
  {
    "isoCode": "BO",
    "name": "Bolivia"
  },
  {
    "isoCode": "BQ",
    "name": "Bonaire, Sint Eustatius, and Saba"
  },
  {
    "isoCode": "BA",
    "name": "Bosnia and Herzegovina"
  },
  {
    "isoCode": "BW",
    "name": "Botswana"
  },
  {
    "isoCode": "BV",
    "name": "Bouvet Island"
  },
  {
    "isoCode": "BR",
    "name": "Brazil"
  },
  {
    "isoCode": "IO",
    "name": "British Indian Ocean Territory"
  },
  {
    "isoCode": "VG",
    "name": "British Virgin Islands"
  },
  {
    "isoCode": "BN",
    "name": "Brunei"
  },
  {
    "isoCode": "BG",
    "name": "Bulgaria"
  },
  {
    "isoCode": "BF",
    "name": "Burkina Faso"
  },
  {
    "isoCode": "BI",
    "name": "Burundi"
  },
  {
    "isoCode": "CV",
    "name": "Cabo Verde"
  },
  {
    "isoCode": "KH",
    "name": "Cambodia"
  },
  {
    "isoCode": "CM",
    "name": "Cameroon"
  },
  {
    "isoCode": "CA",
    "name": "Canada"
  },
  {
    "isoCode": "KY",
    "name": "Cayman Islands"
  },
  {
    "isoCode": "CF",
    "name": "Central African Republic"
  },
  {
    "isoCode": "TD",
    "name": "Chad"
  },
  {
    "isoCode": "CL",
    "name": "Chile"
  },
  {
    "isoCode": "CN",
    "name": "China"
  },
  {
    "isoCode": "CX",
    "name": "Christmas Island"
  },
  {
    "isoCode": "CC",
    "name": "Cocos [Keeling] Islands"
  },
  {
    "isoCode": "CO",
    "name": "Colombia"
  },
  {
    "isoCode": "KM",
    "name": "Comoros"
  },
  {
    "isoCode": "CD",
    "name": "Congo"
  },
  {
    "isoCode": "CK",
    "name": "Cook Islands"
  },
  {
    "isoCode": "CR",
    "name": "Costa Rica"
  },
  {
    "isoCode": "HR",
    "name": "Croatia"
  },
  {
    "isoCode": "CU",
    "name": "Cuba"
  },
  {
    "isoCode": "CW",
    "name": "Curaçao"
  },
  {
    "isoCode": "CY",
    "name": "Cyprus"
  },
  {
    "isoCode": "CZ",
    "name": "Czechia"
  },
  {
    "isoCode": "TL",
    "name": "Democratic Republic of Timor-Leste"
  },
  {
    "isoCode": "DK",
    "name": "Denmark"
  },
  {
    "isoCode": "DJ",
    "name": "Djibouti"
  },
  {
    "isoCode": "DM",
    "name": "Dominica"
  },
  {
    "isoCode": "DO",
    "name": "Dominican Republic"
  },
  {
    "isoCode": "EC",
    "name": "Ecuador"
  },
  {
    "isoCode": "EG",
    "name": "Egypt"
  },
  {
    "isoCode": "SV",
    "name": "El Salvador"
  },
  {
    "isoCode": "GQ",
    "name": "Equatorial Guinea"
  },
  {
    "isoCode": "ER",
    "name": "Eritrea"
  },
  {
    "isoCode": "EE",
    "name": "Estonia"
  },
  {
    "isoCode": "ET",
    "name": "Ethiopia"
  },
  {
    "isoCode": "FK",
    "name": "Falkland Islands"
  },
  {
    "isoCode": "FO",
    "name": "Faroe Islands"
  },
  {
    "isoCode": "FM",
    "name": "Federated States of Micronesia"
  },
  {
    "isoCode": "FJ",
    "name": "Fiji"
  },
  {
    "isoCode": "FI",
    "name": "Finland"
  },
  {
    "isoCode": "FR",
    "name": "France"
  },
  {
    "isoCode": "GF",
    "name": "French Guiana"
  },
  {
    "isoCode": "PF",
    "name": "French Polynesia"
  },
  {
    "isoCode": "TF",
    "name": "French Southern Territories"
  },
  {
    "isoCode": "GA",
    "name": "Gabon"
  },
  {
    "isoCode": "GM",
    "name": "Gambia"
  },
  {
    "isoCode": "GE",
    "name": "Georgia"
  },
  {
    "isoCode": "DE",
    "name": "Germany"
  },
  {
    "isoCode": "GH",
    "name": "Ghana"
  },
  {
    "isoCode": "GI",
    "name": "Gibraltar"
  },
  {
    "isoCode": "GR",
    "name": "Greece"
  },
  {
    "isoCode": "GL",
    "name": "Greenland"
  },
  {
    "isoCode": "GD",
    "name": "Grenada"
  },
  {
    "isoCode": "GP",
    "name": "Guadeloupe"
  },
  {
    "isoCode": "GU",
    "name": "Guam"
  },
  {
    "isoCode": "GT",
    "name": "Guatemala"
  },
  {
    "isoCode": "GG",
    "name": "Guernsey"
  },
  {
    "isoCode": "GN",
    "name": "Guinea"
  },
  {
    "isoCode": "GW",
    "name": "Guinea-Bissau"
  },
  {
    "isoCode": "GY",
    "name": "Guyana"
  },
  {
    "isoCode": "HT",
    "name": "Haiti"
  },
  {
    "isoCode": "JO",
    "name": "Hashemite Kingdom of Jordan"
  },
  {
    "isoCode": "HM",
    "name": "Heard Island and McDonald Islands"
  },
  {
    "isoCode": "HN",
    "name": "Honduras"
  },
  {
    "isoCode": "HK",
    "name": "Hong Kong"
  },
  {
    "isoCode": "HU",
    "name": "Hungary"
  },
  {
    "isoCode": "IS",
    "name": "Iceland"
  },
  {
    "isoCode": "IN",
    "name": "India"
  },
  {
    "isoCode": "ID",
    "name": "Indonesia"
  },
  {
    "isoCode": "IR",
    "name": "Iran"
  },
  {
    "isoCode": "IQ",
    "name": "Iraq"
  },
  {
    "isoCode": "IE",
    "name": "Ireland"
  },
  {
    "isoCode": "IM",
    "name": "Isle of Man"
  },
  {
    "isoCode": "IL",
    "name": "Israel"
  },
  {
    "isoCode": "IT",
    "name": "Italy"
  },
  {
    "isoCode": "CI",
    "name": "Ivory Coast"
  },
  {
    "isoCode": "JM",
    "name": "Jamaica"
  },
  {
    "isoCode": "JP",
    "name": "Japan"
  },
  {
    "isoCode": "JE",
    "name": "Jersey"
  },
  {
    "isoCode": "KZ",
    "name": "Kazakhstan"
  },
  {
    "isoCode": "KE",
    "name": "Kenya"
  },
  {
    "isoCode": "KI",
    "name": "Kiribati"
  },
  {
    "isoCode": "XK",
    "name": "Kosovo"
  },
  {
    "isoCode": "KW",
    "name": "Kuwait"
  },
  {
    "isoCode": "KG",
    "name": "Kyrgyzstan"
  },
  {
    "isoCode": "LA",
    "name": "Laos"
  },
  {
    "isoCode": "LV",
    "name": "Latvia"
  },
  {
    "isoCode": "LB",
    "name": "Lebanon"
  },
  {
    "isoCode": "LS",
    "name": "Lesotho"
  },
  {
    "isoCode": "LR",
    "name": "Liberia"
  },
  {
    "isoCode": "LY",
    "name": "Libya"
  },
  {
    "isoCode": "LI",
    "name": "Liechtenstein"
  },
  {
    "isoCode": "LU",
    "name": "Luxembourg"
  },
  {
    "isoCode": "MO",
    "name": "Macao"
  },
  {
    "isoCode": "MK",
    "name": "Macedonia"
  },
  {
    "isoCode": "MG",
    "name": "Madagascar"
  },
  {
    "isoCode": "MW",
    "name": "Malawi"
  },
  {
    "isoCode": "MY",
    "name": "Malaysia"
  },
  {
    "isoCode": "MV",
    "name": "Maldives"
  },
  {
    "isoCode": "ML",
    "name": "Mali"
  },
  {
    "isoCode": "MT",
    "name": "Malta"
  },
  {
    "isoCode": "MH",
    "name": "Marshall Islands"
  },
  {
    "isoCode": "MQ",
    "name": "Martinique"
  },
  {
    "isoCode": "MR",
    "name": "Mauritania"
  },
  {
    "isoCode": "MU",
    "name": "Mauritius"
  },
  {
    "isoCode": "YT",
    "name": "Mayotte"
  },
  {
    "isoCode": "MX",
    "name": "Mexico"
  },
  {
    "isoCode": "MC",
    "name": "Monaco"
  },
  {
    "isoCode": "MN",
    "name": "Mongolia"
  },
  {
    "isoCode": "ME",
    "name": "Montenegro"
  },
  {
    "isoCode": "MS",
    "name": "Montserrat"
  },
  {
    "isoCode": "MA",
    "name": "Morocco"
  },
  {
    "isoCode": "MZ",
    "name": "Mozambique"
  },
  {
    "isoCode": "MM",
    "name": "Myanmar [Burma]"
  },
  {
    "isoCode": "NA",
    "name": "Namibia"
  },
  {
    "isoCode": "NR",
    "name": "Nauru"
  },
  {
    "isoCode": "NP",
    "name": "Nepal"
  },
  {
    "isoCode": "NL",
    "name": "Netherlands"
  },
  {
    "isoCode": "NC",
    "name": "New Caledonia"
  },
  {
    "isoCode": "NZ",
    "name": "New Zealand"
  },
  {
    "isoCode": "NI",
    "name": "Nicaragua"
  },
  {
    "isoCode": "NE",
    "name": "Niger"
  },
  {
    "isoCode": "NG",
    "name": "Nigeria"
  },
  {
    "isoCode": "NU",
    "name": "Niue"
  },
  {
    "isoCode": "NF",
    "name": "Norfolk Island"
  },
  {
    "isoCode": "KP",
    "name": "North Korea"
  },
  {
    "isoCode": "MP",
    "name": "Northern Mariana Islands"
  },
  {
    "isoCode": "NO",
    "name": "Norway"
  },
  {
    "isoCode": "OM",
    "name": "Oman"
  },
  {
    "isoCode": "PK",
    "name": "Pakistan"
  },
  {
    "isoCode": "PW",
    "name": "Palau"
  },
  {
    "isoCode": "PS",
    "name": "Palestine"
  },
  {
    "isoCode": "PA",
    "name": "Panama"
  },
  {
    "isoCode": "PG",
    "name": "Papua New Guinea"
  },
  {
    "isoCode": "PY",
    "name": "Paraguay"
  },
  {
    "isoCode": "PE",
    "name": "Peru"
  },
  {
    "isoCode": "PH",
    "name": "Philippines"
  },
  {
    "isoCode": "PN",
    "name": "Pitcairn Islands"
  },
  {
    "isoCode": "PL",
    "name": "Poland"
  },
  {
    "isoCode": "PT",
    "name": "Portugal"
  },
  {
    "isoCode": "PR",
    "name": "Puerto Rico"
  },
  {
    "isoCode": "QA",
    "name": "Qatar"
  },
  {
    "isoCode": "KR",
    "name": "Republic of Korea"
  },
  {
    "isoCode": "LT",
    "name": "Republic of Lithuania"
  },
  {
    "isoCode": "MD",
    "name": "Republic of Moldova"
  },
  {
    "isoCode": "CG",
    "name": "Republic of the Congo"
  },
  {
    "isoCode": "RO",
    "name": "Romania"
  },
  {
    "isoCode": "RU",
    "name": "Russia"
  },
  {
    "isoCode": "RW",
    "name": "Rwanda"
  },
  {
    "isoCode": "RE",
    "name": "Réunion"
  },
  {
    "isoCode": "SH",
    "name": "Saint Helena"
  },
  {
    "isoCode": "LC",
    "name": "Saint Lucia"
  },
  {
    "isoCode": "MF",
    "name": "Saint Martin"
  },
  {
    "isoCode": "PM",
    "name": "Saint Pierre and Miquelon"
  },
  {
    "isoCode": "VC",
    "name": "Saint Vincent and the Grenadines"
  },
  {
    "isoCode": "BL",
    "name": "Saint-Barthélemy"
  },
  {
    "isoCode": "WS",
    "name": "Samoa"
  },
  {
    "isoCode": "SM",
    "name": "San Marino"
  },
  {
    "isoCode": "SA",
    "name": "Saudi Arabia"
  },
  {
    "isoCode": "SN",
    "name": "Senegal"
  },
  {
    "isoCode": "RS",
    "name": "Serbia"
  },
  {
    "isoCode": "SC",
    "name": "Seychelles"
  },
  {
    "isoCode": "SL",
    "name": "Sierra Leone"
  },
  {
    "isoCode": "SG",
    "name": "Singapore"
  },
  {
    "isoCode": "SX",
    "name": "Sint Maarten"
  },
  {
    "isoCode": "SK",
    "name": "Slovakia"
  },
  {
    "isoCode": "SI",
    "name": "Slovenia"
  },
  {
    "isoCode": "SB",
    "name": "Solomon Islands"
  },
  {
    "isoCode": "SO",
    "name": "Somalia"
  },
  {
    "isoCode": "ZA",
    "name": "South Africa"
  },
  {
    "isoCode": "GS",
    "name": "South Georgia and the South Sandwich Islands"
  },
  {
    "isoCode": "SS",
    "name": "South Sudan"
  },
  {
    "isoCode": "ES",
    "name": "Spain"
  },
  {
    "isoCode": "LK",
    "name": "Sri Lanka"
  },
  {
    "isoCode": "KN",
    "name": "St Kitts and Nevis"
  },
  {
    "isoCode": "SD",
    "name": "Sudan"
  },
  {
    "isoCode": "SR",
    "name": "Suriname"
  },
  {
    "isoCode": "SJ",
    "name": "Svalbard and Jan Mayen"
  },
  {
    "isoCode": "SZ",
    "name": "Swaziland"
  },
  {
    "isoCode": "SE",
    "name": "Sweden"
  },
  {
    "isoCode": "CH",
    "name": "Switzerland"
  },
  {
    "isoCode": "SY",
    "name": "Syria"
  },
  {
    "isoCode": "ST",
    "name": "São Tomé and Príncipe"
  },
  {
    "isoCode": "TW",
    "name": "Taiwan"
  },
  {
    "isoCode": "TJ",
    "name": "Tajikistan"
  },
  {
    "isoCode": "TZ",
    "name": "Tanzania"
  },
  {
    "isoCode": "TH",
    "name": "Thailand"
  },
  {
    "isoCode": "TG",
    "name": "Togo"
  },
  {
    "isoCode": "TK",
    "name": "Tokelau"
  },
  {
    "isoCode": "TO",
    "name": "Tonga"
  },
  {
    "isoCode": "TT",
    "name": "Trinidad and Tobago"
  },
  {
    "isoCode": "TN",
    "name": "Tunisia"
  },
  {
    "isoCode": "TR",
    "name": "Turkey"
  },
  {
    "isoCode": "TM",
    "name": "Turkmenistan"
  },
  {
    "isoCode": "TC",
    "name": "Turks and Caicos Islands"
  },
  {
    "isoCode": "TV",
    "name": "Tuvalu"
  },
  {
    "isoCode": "UM",
    "name": "U.S. Minor Outlying Islands"
  },
  {
    "isoCode": "VI",
    "name": "U.S. Virgin Islands"
  },
  {
    "isoCode": "UG",
    "name": "Uganda"
  },
  {
    "isoCode": "UA",
    "name": "Ukraine"
  },
  {
    "isoCode": "AE",
    "name": "United Arab Emirates"
  },
  {
    "isoCode": "GB",
    "name": "United Kingdom"
  },
  {
    "isoCode": "US",
    "name": "United States"
  },
  {
    "isoCode": "UY",
    "name": "Uruguay"
  },
  {
    "isoCode": "UZ",
    "name": "Uzbekistan"
  },
  {
    "isoCode": "VU",
    "name": "Vanuatu"
  },
  {
    "isoCode": "VA",
    "name": "Vatican City"
  },
  {
    "isoCode": "VE",
    "name": "Venezuela"
  },
  {
    "isoCode": "VN",
    "name": "Vietnam"
  },
  {
    "isoCode": "WF",
    "name": "Wallis and Futuna"
  },
  {
    "isoCode": "EH",
    "name": "Western Sahara"
  },
  {
    "isoCode": "YE",
    "name": "Yemen"
  },
  {
    "isoCode": "ZM",
    "name": "Zambia"
  },
  {
    "isoCode": "ZW",
    "name": "Zimbabwe"
  },
  {
    "isoCode": "AX",
    "name": "Åland"
  }
]